1;name1;surname1;subject1;50;отл
s;name2;surname2;subject2;51;удв
3;name3;surname3;subject3;52;хор
4;name4;surname4;subject4;53;зач
5;name5;surname5;subject5;54;отл
6;name6;surname6;subject6;55;удв
7;name7;surname7;subject7;56;хор
8;name8;surname8;subject8;57;хор
9;name9;surname9;subject9;58;зач
10;name10;surname10;subject10;59;отл
11;name11;surname11;subject11;60;удв
12;name12;surname12;subject12;61;хор
13;name13;surname13;subject13;62;хор
14;name14;surname14;subject14;63;зач
15;name15;surname15;subject15;64;отл
16;name16;surname16;subject16;65;удв
17;name17;surname17;subject17;66;хор
18;name18;surname18;subject18;67;хор
19;name19;surname19;subject19;68;зач
20;name20;surname20;subject20;69;отл
21;name21;surname21;subject21;70;удв
22;name22;surname22;subject22;71;хор
23;name23;surname23;subject23;72;хор
24;name24;surname24;subject24;73;зач
25;name25;surname25;subject25;74;отл
26;name26;surname26;subject26;75;удв
27;name27;surname27;subject27;76;хор
28;name28;surname28;subject28;77;хор
29;name29;surname29;subject29;78;зач
30;name30;surname30;subject30;79;отл
31;name31;surname31;subject31;80;удв
32;name32;surname32;subject32;81;хор
33;name33;surname33;subject33;82;хор
34;name34;surname34;subject34;83;зач
35;name35;surname35;subject35;84;отл
36;name36;surname36;subject36;85;удв
37;name37;surname37;subject37;86;хор
38;name38;surname38;subject38;87;хор
39;name39;surname39;subject39;88;зач
40;name40;surname40;subject40;89;отл
41;name41;surname41;subject41;90;удв
42;name42;surname42;subject42;91;хор
43;name43;surname43;subject43;92;хор
44;name44;surname44;subject44;93;зач
45;name45;surname45;subject45;94;отл
46;name46;surname46;subject46;95;удв
47;name47;surname47;subject47;96;хор
48;name48;surname48;subject48;97;хор
49;name49;surname49;subject49;98;зач
50;name50;surname50;subject50;99;отл
51;name51;surname51;subject51;100;удв
52;name52;surname52;subject52;101;хор
53;name53;surname53;subject53;102;хор
54;name54;surname54;subject54;103;зач
55;name55;surname55;subject55;104;отл
56;name56;surname56;subject56;105;удв
57;name57;surname57;subject57;106;хор
58;name58;surname58;subject58;107;хор
59;name59;surname59;subject59;108;зач
60;name60;surname60;subject60;109;отл
61;name61;surname61;subject61;110;удв
62;name62;surname62;subject62;111;хор
63;name63;surname63;subject63;112;хор
64;name64;surname64;subject64;113;зач
65;name65;surname65;subject65;114;отл
66;name66;surname66;subject66;115;удв
67;name67;surname67;subject67;116;хор
68;name68;surname68;subject68;117;хор
69;name69;surname69;subject69;118;зач
70;name70;surname70;subject70;119;отл
71;name71;surname71;subject71;120;удв
72;name72;surname72;subject72;121;хор
73;name73;surname73;subject73;122;хор
74;name74;surname74;subject74;123;зач
75;name75;surname75;subject75;124;отл
76;name76;surname76;subject76;125;удв
77;name77;surname77;subject77;126;хор
78;name78;surname78;subject78;127;хор
79;name79;surname79;subject79;128;зач
80;name80;surname80;subject80;129;отл
81;name81;surname81;subject81;130;удв
82;name82;surname82;subject82;131;хор
83;name83;surname83;subject83;132;хор
84;name84;surname84;subject84;133;зач
85;name85;surname85;subject85;134;отл
86;name86;surname86;subject86;135;удв
87;name87;surname87;subject87;136;хор
88;name88;surname88;subject88;137;хор
89;name89;surname89;subject89;138;зач
90;name90;surname90;subject90;139;отл
91;name91;surname91;subject91;140;удв
92;name92;surname92;subject92;141;хор
93;name93;surname93;subject93;142;хор
94;name94;surname94;subject94;143;зач
95;name95;surname95;subject95;144;отл
96;name96;surname96;subject96;145;удв
97;name97;surname97;subject97;146;хор
98;name98;surname98;subject98;147;хор
99;name99;surname99;subject99;148;зач
100;name100;surname100;subject100;149;отл
101;name101;surname101;subject101;150;удв
102;name102;surname102;subject102;151;хор
103;name103;surname103;subject103;152;хор
104;name104;surname104;subject104;153;зач
105;name105;surname105;subject105;154;отл
106;name106;surname106;subject106;155;удв
107;name107;surname107;subject107;156;хор
108;name108;surname108;subject108;157;хор
109;name109;surname109;subject109;158;зач
110;name110;surname110;subject110;159;отл
111;name111;surname111;subject111;160;удв
112;name112;surname112;subject112;161;хор
113;name113;surname113;subject113;162;хор
114;name114;surname114;subject114;163;зач
115;name115;surname115;subject115;164;отл
116;name116;surname116;subject116;165;удв
117;name117;surname117;subject117;166;хор
118;name118;surname118;subject118;167;хор
119;name119;surname119;subject119;168;зач
120;name120;surname120;subject120;169;отл
121;name121;surname121;subject121;170;удв
122;name122;surname122;subject122;171;хор
123;name123;surname123;subject123;172;хор
124;name124;surname124;subject124;173;зач
125;name125;surname125;subject125;174;отл
126;name126;surname126;subject126;175;удв
127;name127;surname127;subject127;176;хор
128;name128;surname128;subject128;177;хор
129;name129;surname129;subject129;178;зач
130;name130;surname130;subject130;179;отл
131;name131;surname131;subject131;180;удв
132;name132;surname132;subject132;181;хор
133;name133;surname133;subject133;182;хор
134;name134;surname134;subject134;183;зач
135;name135;surname135;subject135;184;отл
136;name136;surname136;subject136;185;удв
137;name137;surname137;subject137;186;хор
138;name138;surname138;subject138;187;хор
139;name139;surname139;subject139;188;зач
140;name140;surname140;subject140;189;отл
141;name141;surname141;subject141;190;удв
142;name142;surname142;subject142;191;хор
143;name143;surname143;subject143;192;хор
144;name144;surname144;subject144;193;зач
145;name145;surname145;subject145;194;отл
146;name146;surname146;subject146;195;удв
147;name147;surname147;subject147;196;хор
148;name148;surname148;subject148;197;хор
149;name149;surname149;subject149;198;зач
150;name150;surname150;subject150;199;отл
151;name151;surname151;subject151;200;удв
152;name152;surname152;subject152;201;хор
153;name153;surname153;subject153;202;хор
sd154;name154;surname154;subject154;203;зач
155;name155;surname155;subject155;204;отл
156;name156;surname156;subject156;205;удв
157;name157;surname157;subject157;206;хор
158;name158;surname158;subject158;207;хор
159;name159;surname159;subject159;208;зач
160;name160;surname160;subject160;209;отл
161;name161;surname161;subject161;210;удв
162;name162;surname162;subject162;211;хор
163;name163;surname163;subject163;212;хор
164;name164;surname164;subject164;213;зач
165;name165;surname165;subject165;214;отл
166;name166;surname166;subject166;215;удв
167;name167;surname167;subject167;216;хор
168;name168;surname168;subject168;217;хор
169;name169;surname169;subject169;218;зач
170;name170;surname170;subject170;219;отл
171;name171;surname171;subject171;220;удв
172;name172;surname172;subject172;221;хор
173;name173;surname173;subject173;222;хор
174;name174;surname174;subject174;223;зач
175;name175;surname175;subject175;224;отл
176;name176;surname176;subject176;225;удв
177;name177;surname177;subject177;226;хор
178;name178;surname178;subject178;227;хор
179;name179;surname179;subject179;228;зач
180;name180;surname180;subject180;229;отл
181;name181;surname181;subject181;230;удв
182;name182;surname182;subject182;231;хор
183;name183;surname183;subject183;232;хор
184;name184;surname184;subject184;233;зач
185;name185;surname185;subject185;234;отл
186;name186;surname186;subject186;235;удв
187;name187;surname187;subject187;236;хор
188;name188;surname188;subject188;237;хор
189;name189;surname189;subject189;238;зач
190;name190;surname190;subject190;239;отл
191;name191;surname191;subject191;240;удв
192;name192;surname192;subject192;241;хор
193;name193;surname193;subject193;242;хор
194;name194;surname194;subject194;243;зач
195;name195;surname195;subject195;244;отл
196;name196;surname196;subject196;245;удв
197;name197;surname197;subject197;246;хор
198;name198;surname198;subject198;247;хор
199;name199;surname199;subject199;248;зач
200;name200;surname200;subject200;249;отл
201;name201;surname201;subject201;250;удв
202;name202;surname202;subject202;251;хор
203;name203;surname203;subject203;252;хор
204;name204;surname204;subject204;253;зач
205;name205;surname205;subject205;254;отл
206;name206;surname206;subject206;255;удв
207;name207;surname207;subject207;256;хор
208;name208;surname208;subject208;257;хор
209;name209;surname209;subject209;258;зач
210;name210;surname210;subject210;259;отл
211;name211;surname211;subject211;260;удв
212;name212;surname212;subject212;261;хор
213;name213;surname213;subject213;262;хор
214;name214;surname214;subject214;263;зач
215;name215;surname215;subject215;264;отл
216;name216;surname216;subject216;265;удв
217;name217;surname217;subject217;266;хор
218;name218;surname218;subject218;267;хор
219;name219;surname219;subject219;268;зач
220;name220;surname220;subject220;269;отл
221;name221;surname221;subject221;270;удв
222;name222;surname222;subject222;271;хор
223;name223;surname223;subject223;272;хор
224;name224;surname224;subject224;273;зач
225;name225;surname225;subject225;274;отл
226;name226;surname226;subject226;275;удв
227;name227;surname227;subject227;276;хор
228;name228;surname228;subject228;277;хор
229;name229;surname229;subject229;278;зач
230;name230;surname230;subject230;279;отл
231;name231;surname231;subject231;280;удв
232;name232;surname232;subject232;281;хор
233;name233;surname233;subject233;282;хор
234;name234;surname234;subject234;283;зач
235;name235;surname235;subject235;284;отл
236;name236;surname236;subject236;285;удв
237;name237;surname237;subject237;286;хор
238;name238;surname238;subject238;287;хор
239;name239;surname239;subject239;288;зач
240;name240;surname240;subject240;289;отл
241;name241;surname241;subject241;290;удв
242;name242;surname242;subject242;291;хор
243;name243;surname243;subject243;292;хор
244;name244;surname244;subject244;293;зач
245;name245;surname245;subject245;22asf;отл
246;name246;surname246;subject246;295;удв
247;name247;surname247;subject247;296;хор
248;name248;surname248;subject248;297;хор
249;name249;surname249;subject249;298;зач
250;name250;surname250;subject250;299;отл
251;name251;surname251;subject251;300;удв
252;name252;surname252;subject252;301;хор
253;name253;surname253;subject253;302;хор
254;name254;surname254;subject254;303;зач
255;name255;surname255;subject255;304;отл
256;name256;surname256;subject256;305;удв
257;name257;surname257;subject257;306;хор
258;name258;surname258;subject258;307;хор
259;name259;surname259;subject259;308;зач
260;name260;surname260;subject260;309;отл
261;name261;surname261;subject261;310;удв
262;name262;surname262;subject262;311;хор
263;name263;surname263;subject263;312;хор
264;name264;surname264;subject264;313;зач
265;name265;surname265;subject265;314;отл
266;name266;surname266;subject266;315;удв
267;name267;surname267;subject267;316;хор
268;name268;surname268;subject268;317;хор
269;name269;surname269;subject269;318;зач
270;name270;surname270;subject270;319;отл
271;name271;surname271;subject271;320;удв
272;name272;surname272;subject272;321;хор
273;name273;surname273;subject273;322;хор
274;name274;surname274;subject274;323;зач
275;name275;surname275;subject275;324;отл
276;name276;surname276;subject276;325;удв
277;name277;surname277;subject277;326;хор
278;name278;surname278;subject278;327;хор
279;name279;surname279;subject279;328;зач
280;name280;surname280;subject280;329;отл
281;name281;surname281;subject281;330;удв
282;name282;surname282;subject282;331;хор
283;name283;surname283;subject283;332;хор
284;name284;surname284;subject284;333;зач
285;name285;surname285;subject285;334;отл
286;name286;surname286;subject286;335;удв
287;name287;surname287;subject287;336;хор
288;name288;surname288;subject288;337;хор
289;name289;surname289;subject289;338;зач
290;name290;surname290;subject290;339;отл
291;name291;surname291;subject291;340;удв
292;name292;surname292;subject292;341;хор
293;name293;surname293;subject293;342;хор
294;name294;surname294;subject294;343;зач
295;name295;surname295;subject295;344;отл
296;name296;surname296;subject296;345;удв
297;name297;surname297;subject297;346;хор
298;name298;surname298;subject298;347;хор
299;name299;surname299;subject299;348;зач
300;name300;surname300;subject300;349;отл
301;name301;surname301;subject301;350;удв
302;name302;surname302;subject302;351;хор
303;name303;surname303;subject303;352;хор
304;name304;surname304;subject304;353;зач
305;name305;surname305;subject305;354;отл
306;name306;surname306;subject306;355;удв
307;name307;surname307;subject307;356;хор
308;name308;surname308;subject308;357;хор
309;name309;surname309;subject309;358;зач
310;name310;surname310;subject310;359;отл
311;name311;surname311;subject311;360;удв
312;name312;surname312;subject312;361;хор
313;name313;surname313;subject313;362;хор
314;name314;surname314;subject314;363;зач
315;name315;surname315;subject315;364;отл
316;name316;surname316;subject316;365;удв
317;name317;surname317;subject317;366;хор
318;name318;surname318;subject318;367;хор
319;name319;surname319;subject319;368;зач
320;name320;surname320;subject320;369;отл
321;name321;surname321;subject321;370;удв
322;name322;surname322;subject322;371;хор
323;name323;surname323;subject323;372;хор
324;name324;surname324;subject324;373;зач
325;name325;surname325;subject325;374;отл
326;name326;surname326;subject326;375;удв
327;name327;surname327;subject327;376;хор
328;name328;surname328;subject328;377;хор
329;name329;surname329;subject329;378;зач
330;name330;surname330;subject330;379;отл
331;name331;surname331;subject331;380;удв
332;name332;surname332;subject332;381;хор
333;name333;surname333;subject333;382;хор
334;name334;surname334;subject334;383;зач
335;name335;surname335;subject335;384;отл
336;name336;surname336;subject336;385;удв
337;name337;surname337;subject337;386;хор
338;name338;surname338;subject338;387;хор
339;name339;surname339;subject339;388;зач
340;name340;surname340;subject340;389;отл
341;name341;surname341;subject341;390;удв
342;name342;surname342;subject342;391;хор
343;name343;surname343;subject343;392;хор
344;name344;surname344;subject344;393;зач
345;name345;surname345;subject345;394;отл
346;name346;surname346;subject346;395;удв
347;name347;surname347;subject347;396;хор
348;name348;surname348;subject348;397;хор
349;name349;surname349;subject349;398;зач
350;name350;surname350;subject350;399;отл
351;name351;surname351;subject351;400;удв
352;name352;surname352;subject352;401;хор
353;name353;surname353;subject353;402;хор
354;name354;surname354;subject354;403;зач
355;name355;surname355;subject355;404;отл
356;name356;surname356;subject356;405;удв
357;name357;surname357;subject357;406;хор
358;name358;surname358;subject358;407;хор
359;name359;surname359;subject359;408;зач
360;name360;surname360;subject360;409;отл
361;name361;surname361;subject361;410;удв
362;name362;surname362;subject362;411;хор
363;name363;surname363;subject363;412;хор
364;name364;surname364;subject364;413;зач
365;name365;surname365;subject365;414;отл
366;name366;surname366;subject366;415;удв
367;name367;surname367;subject367;416;хор
368;name368;surname368;subject368;417;хор
369;name369;surname369;subject369;418;зач
370;name370;surname370;subject370;419;отл
371;name371;surname371;subject371;420;удв
372;name372;surname372;subject372;421;хор
373;name373;surname373;subject373;422;хор
374;name374;surname374;subject374;423;зач
375;name375;surname375;subject375;424;отл
376;name376;surname376;subject376;425;удв
377;name377;surname377;subject377;426;хор
378;name378;surname378;subject378;427;хор
379;name379;surname379;subject379;428;зач
380;name380;surname380;subject380;429;отл
381;name381;surname381;subject381;430;удв
382;name382;surname382;subject382;431;хор
383;name383;surname383;subject383;432;хор
384;name384;surname384;subject384;433;зач
385;name385;surname385;subject385;434;отл
386;name386;surname386;subject386;435;удв
387;name387;surname387;subject387;436;хор
388;name388;surname388;subject388;437;хор
389;name389;surname389;subject389;438;зач
390;name390;surname390;subject390;439;отл
391;name391;surname391;subject391;440;удв
392;name392;surname392;subject392;441;хор
393;name393;surname393;subject393;442;хор
394;name394;surname394;subject394;443;зач
395;name395;surname395;subject395;444;отл
396;name396;surname396;subject396;445;удв
397;name397;surname397;subject397;446;хор
398;name398;surname398;subject398;447;хор
399;name399;surname399;subject399;448;зач
400;name400;surname400;subject400;449;отл
401;name401;surname401;subject401;450;удв
402;name402;surname402;subject402;451;хор
403;name403;surname403;subject403;452;хор
404;name404;surname404;subject404;453;зач
405;name405;surname405;subject405;454;отл
406;name406;surname406;subject406;455;удв
407;name407;surname407;subject407;456;хор
408;name408;surname408;subject408;457;хор
409;name409;surname409;subject409;458;зач
410;name410;surname410;subject410;459;отл
411;name411;surname411;subject411;460;удв
412;name412;surname412;subject412;461;хор
413;name413;surname413;subject413;462;хор
414;name414;surname414;subject414;463;зач
415;name415;surname415;subject415;464;отл
416;name416;surname416;subject416;465;удв
417;name417;surname417;subject417;466;хор
418;name418;surname418;subject418;467;хор
419;name419;surname419;subject419;468;зач
420;name420;surname420;subject420;469;отл
421;name421;surname421;subject421;470;удв
422;name422;surname422;subject422;471;хор
423;name423;surname423;subject423;472;хор
424;name424;surname424;subject424;473;зач
425;name425;surname425;subject425;474;отл
426;name426;surname426;subject426;475;удв
427;name427;surname427;subject427;476;хор
428;name428;surname428;subject428;477;хор
429;name429;surname429;subject429;478;зач
430;name430;surname430;subject430;479;отл
431;name431;surname431;subject431;480;удв
432;name432;surname432;subject432;481;хор
433;name433;surname433;subject433;482;хор
434;name434;surname434;subject434;483;зач
435;name435;surname435;subject435;484;отл
436;name436;surname436;subject436;485;удв
437;name437;surname437;subject437;486;хор
438;name438;surname438;subject438;487;хор
439;name439;surname439;subject439;488;зач
440;name440;surname440;subject440;489;отл
441;name441;surname441;subject441;490;удв
442;name442;surname442;subject442;491;хор
443;name443;surname443;subject443;492;хор
444;name444;surname444;subject444;493;зач
445;name445;surname445;subject445;494;отл
446;name446;surname446;subject446;495;удв
447;name447;surname447;subject447;496;хор
448;name448;surname448;subject448;497;хор
449;name449;surname449;subject449;498;зач
450;name450;surname450;subject450;499;отл
451;name451;surname451;subject451;500;удв
452;name452;surname452;subject452;501;хор
453;name453;surname453;subject453;502;хор
454;name454;surname454;subject454;503;зач
455;name455;surname455;subject455;504;отл
456;name456;surname456;subject456;505;удв
457;name457;surname457;subject457;506;хор
458;name458;surname458;subject458;507;хор
459;name459;surname459;subject459;508;зач
460;name460;surname460;subject460;509;отл
461;name461;surname461;subject461;510;удв
462;name462;surname462;subject462;511;хор
463;name463;surname463;subject463;512;хор
464;name464;surname464;subject464;513;зач
465;name465;surname465;subject465;514;отл
466;name466;surname466;subject466;515;удв
467;name467;surname467;subject467;516;хор
468;name468;surname468;subject468;517;хор
469;name469;surname469;subject469;518;зач
470;name470;surname470;subject470;519;отл
471;name471;surname471;subject471;520;удв
472;name472;surname472;subject472;521;хор
473;name473;surname473;subject473;522;хор
474;name474;surname474;subject474;523;зач
475;name475;surname475;subject475;524;отл
476;name476;surname476;subject476;525;удв
477;name477;surname477;subject477;526;хор
478;name478;surname478;subject478;527;хор
479;name479;surname479;subject479;528;зач
480;name480;surname480;subject480;529;отл
481;name481;surname481;subject481;530;удв
482;name482;surname482;subject482;531;хор
483;name483;surname483;subject483;532;хор
484;name484;surname484;subject484;533;зач
485;name485;surname485;subject485;534;отл
486;name486;surname486;subject486;535;удв
487;name487;surname487;subject487;536;хор
488;name488;surname488;subject488;537;хор
489;name489;surname489;subject489;538;зач
490;name490;surname490;subject490;539;отл
491;name491;surname491;subject491;540;удв
492;name492;surname492;subject492;541;хор
493;name493;surname493;subject493;542;хор
494;name494;surname494;subject494;543;зач
495;name495;surname495;subject495;544;отл
496;name496;surname496;subject496;545;удв
497;name497;surname497;subject497;546;хор
498;name498;surname498;subject498;547;хор
499;name499;surname499;subject499;548;зач
500;name500;surname500;subject500;549;отл
501;name501;surname501;subject501;550;удв
502;name502;surname502;subject502;551;хор
503;name503;surname503;subject503;552;хор
504;name504;surname504;subject504;553;зач
505;name505;surname505;subject505;554;отл
506;name506;surname506;subject506;555;удв
507;name507;surname507;subject507;556;хор
508;name508;surname508;subject508;557;хор
509;name509;surname509;subject509;558;зач
510;name510;surname510;subject510;559;отл
511;name511;surname511;subject511;560;удв
512;name512;surname512;subject512;561;хор
513;name513;surname513;subject513;562;хор
514;name514;surname514;subject514;563;зач
515;name515;surname515;subject515;564;отл
516;name516;surname516;subject516;565;удв
517;name517;surname517;subject517;566;хор
518;name518;surname518;subject518;567;хор
519;name519;surname519;subject519;568;зач
520;name520;surname520;subject520;569;отл
521;name521;surname521;subject521;570;удв
522;name522;surname522;subject522;571;хор
523;name523;surname523;subject523;572;хор
524;name524;surname524;subject524;573;зач
525;name525;surname525;subject525;574;отл
526;name526;surname526;subject526;575;удв
527;name527;surname527;subject527;576;хор
528;name528;surname528;subject528;577;хор
529;name529;surname529;subject529;578;зач
530;name530;surname530;subject530;579;отл
531;name531;surname531;subject531;580;удв
532;name532;surname532;subject532;581;хор
533;name533;surname533;subject533;582;хор
534;name534;surname534;subject534;583;зач
535;name535;surname535;subject535;584;отл
536;name536;surname536;subject536;585;удв
537;name537;surname537;subject537;586;хор
538;name538;surname538;subject538;587;хор
539;name539;surname539;subject539;588;зач
540;name540;surname540;subject540;589;отл
541;name541;surname541;subject541;590;удв
542;name542;surname542;subject542;591;хор
543;name543;surname543;subject543;592;хор
544;name544;surname544;subject544;593;зач
545;name545;surname545;subject545;594;отл
546;name546;surname546;subject546;595;удв
547;name547;surname547;subject547;596;хор
548;name548;surname548;subject548;597;хор
549;name549;surname549;subject549;598;зач
550;name550;surname550;subject550;599;отл
551;name551;surname551;subject551;600;удв
552;name552;surname552;subject552;601;хор
553;name553;surname553;subject553;602;хор
554;name554;surname554;subject554;603;зач
555;name555;surname555;subject555;604;отл
556;name556;surname556;subject556;605;удв
557;name557;surname557;subject557;606;хор
558;name558;surname558;subject558;607;хор
559;name559;surname559;subject559;608;зач
560;name560;surname560;subject560;609;отл
561;name561;surname561;subject561;610;удв
562;name562;surname562;subject562;611;хор
563;name563;surname563;subject563;612;хор
564;name564;surname564;subject564;613;зач
565;name565;surname565;subject565;614;отл
566;name566;surname566;subject566;615;удв
567;name567;surname567;subject567;616;хор
568;name568;surname568;subject568;617;хор
569;name569;surname569;subject569;618;зач
570;name570;surname570;subject570;619;отл
571;name571;surname571;subject571;620;удв
572;name572;surname572;subject572;621;хор
573;name573;surname573;subject573;622;хор
574;name574;surname574;subject574;623;зач
575;name575;surname575;subject575;624;отл
576;name576;surname576;subject576;625;удв
577;name577;surname577;subject577;626;хор
578;name578;surname578;subject578;627;хор
579;name579;surname579;subject579;628;зач
580;name580;surname580;subject580;629;отл
581;name581;surname581;subject581;630;удв
582;name582;surname582;subject582;631;хор
583;name583;surname583;subject583;632;хор
584;name584;surname584;subject584;633;зач
585;name585;surname585;subject585;634;отл
586;name586;surname586;subject586;635;удв
587;name587;surname587;subject587;636;хор
588;name588;surname588;subject588;637;хор
589;name589;surname589;subject589;638;зач
590;name590;surname590;subject590;639;отл
591;name591;surname591;subject591;640;удв
592;name592;surname592;subject592;641;хор
593;name593;surname593;subject593;642;хор
594;name594;surname594;subject594;643;зач
595;name595;surname595;subject595;644;отл
596;name596;surname596;subject596;645;удв
597;name597;surname597;subject597;646;хор
598;name598;surname598;subject598;647;хор
599;name599;surname599;subject599;648;зач
600;name600;surname600;subject600;649;отл
601;name601;surname601;subject601;650;удв
602;name602;surname602;subject602;651;хор
603;name603;surname603;subject603;652;хор
604;name604;surname604;subject604;653;зач
605;name605;surname605;subject605;654;отл
606;name606;surname606;subject606;655;удв
607;name607;surname607;subject607;656;хор
608;name608;surname608;subject608;657;хор
609;name609;surname609;subject609;658;зач
610;name610;surname610;subject610;659;отл
611;name611;surname611;subject611;660;удв
612;name612;surname612;subject612;661;хор
613;name613;surname613;subject613;662;хор
614;name614;surname614;subject614;663;зач
615;name615;surname615;subject615;664;отл
616;name616;surname616;subject616;665;удв
617;name617;surname617;subject617;666;хор
618;name618;surname618;subject618;667;хор
619;name619;surname619;subject619;668;зач
620;name620;surname620;subject620;6hsdkfb69;отл
621;name621;surname621;subject621;670;удв
622;name622;surname622;subject622;671;хор
623;name623;surname623;subject623;672;хор
624;name624;surname624;subject624;673;зач
625;name625;surname625;subject625;674;отл
626;name626;surname626;subject626;675;удв
627;name627;surname627;subject627;676;хор
628;name628;surname628;subject628;677;хор
629;name629;surname629;subject629;678;зач
630;name630;surname630;subject630;679;отл
631;name631;surname631;subject631;680;удв
632;name632;surname632;subject632;681;хор
